employee_id,email
1,1@blackcat.in
2,2@blackcat.in
3,3@blackcat.in
4,4@blackcat.in
5,5@blackcat.in
6,6@blackcat.in
7,7@blackcat.in
8,8@blackcat.in
9,9@blackcat.in
10,10@blackcat.in
11,11@blackcat.in
12,12@blackcat.in
13,13@blackcat.in
14,14@blackcat.in
15,15@blackcat.in
16,16@blackcat.in
17,17@blackcat.in
18,18@blackcat.in
19,19@blackcat.in
20,20@blackcat.in
21,21@blackcat.in
22,22@blackcat.in
23,23@blackcat.in
24,24@blackcat.in
25,25@blackcat.in
26,26@blackcat.in
27,27@blackcat.in
28,28@blackcat.in
29,29@blackcat.in
30,30@blackcat.in
31,31@blackcat.in
32,32@blackcat.in
33,33@blackcat.in
34,34@blackcat.in
35,35@blackcat.in
36,36@blackcat.in
37,37@blackcat.in
38,38@blackcat.in
39,39@blackcat.in
40,40@blackcat.in
41,41@blackcat.in
42,42@blackcat.in
43,43@blackcat.in
44,44@blackcat.in
45,45@blackcat.in
46,46@blackcat.in
47,47@blackcat.in
48,48@blackcat.in
49,49@blackcat.in
50,50@blackcat.in
51,51@blackcat.in
52,52@blackcat.in
53,53@blackcat.in
54,54@blackcat.in
55,55@blackcat.in
56,56@blackcat.in
57,57@blackcat.in
58,58@blackcat.in
59,59@blackcat.in
60,60@blackcat.in
61,61@blackcat.in
62,62@blackcat.in
63,63@blackcat.in
64,64@blackcat.in
65,65@blackcat.in
66,66@blackcat.in
67,67@blackcat.in
68,68@blackcat.in
69,69@blackcat.in
70,70@blackcat.in
71,71@blackcat.in
72,72@blackcat.in
73,73@blackcat.in
74,74@blackcat.in
75,75@blackcat.in